Geo_nios_5ch_0001	पहले अध्याय में हम पढ़ चुके हैं कि तल संतुलन का अंतिम परिणाम, ऊँची-नीची भूमि का समतल बनना है यह कार्य तल संतुलन के कारकों द्वारा होता है।
Geo_nios_5ch_0002	ये कारक लम्बे समय के पश्चात् विभिन्न प्रकार की स्थलाकृतियों का निर्माण करते हैं।
Geo_nios_5ch_0003	तल संतुलन के विभिन्न कारकों में प्रवाहित जल (नदियों) का कार्य क्षेत्र बहुत विस्तृत है।
Geo_nios_5ch_0004	इस पाठ में हम पढ़ेंगे कि तल संतुलन के कारक के रूप में प्रवाहित जल तथा भूमिगत जल किस प्रकार विभिन्न प्रकार की स्थलाकृतियों का निर्माण करते हैं।
Geo_nios_5ch_0005	इस पाठ का अध्ययन करने के पश्चात् आप नदी मार्ग के विभिन्न भागों में प्रवाहित जल के तीन कार्यों अपरदन, परिवहन और निक्षेपण की व्याख्या कर सकेंगें ।
Geo_nios_5ch_0006	इस पाठ का अध्ययन करने के पश्चात् आप प्रवाहित जल की अपरदन और निक्षेपण की क्रियाओं के द्वारा बनी स्थलाकृतियों को आरेखों की मदद से समझा सकेंगे ।
Geo_nios_5ch_0007	इस पाठ का अध्ययन करने के पश्चात् आप एक स्थान से दूसरे स्थान में तथा एक ऋतु से दूसरी ऋतु में जल-स्तर में आने वाले परिवर्तन के कारण को समझा सकेंगे ।
Geo_nios_5ch_0008	इस पाठ का अध्ययन करने के पश्चात् आप भूमिगत जल के कार्य के द्वारा निर्मित विविध स्थलाकृतियों को आरेखों की मदद से समझा सकेंगे ।
Geo_nios_5ch_0009	इस पाठ का अध्ययन करने के पश्चात् आप स्टैलैक्टाइट (अश्चुताश्म) व स्टैलैग्माइट (निश्चुताश्म) कुओं व उत्स्रुत कूपों तथा जलस्रोत और गीजर में अंतर बता सकेंगे।
Geo_nios_5ch_0010	प्रवाहित जल या नदी किसी भी क्षेत्र विशेष को तीन तरह से प्रभावित करती है।
Geo_nios_5ch_0011	इन्हें नदी के तीन कार्यों के रूप में जाना जाता है।
Geo_nios_5ch_0012	ये कार्य हैं - अपरदन  परिवहन और  निक्षेपण।
Geo_nios_5ch_0013	नदी के पूरे मार्ग में ये तीनों ही कार्य चलते रहते हैं।
Geo_nios_5ch_0014	नदी का जल अपने मार्ग में आने वाले शैल पदार्थों  को नीचे की ओर ले जाता है।
Geo_nios_5ch_0015	नदी के मार्ग में ये शैल पदार्थ, अपक्षय और अपरदन की क्रियाओं के द्वारा आते हैं।
Geo_nios_5ch_0016	इन शैल पदार्थों को नदी का भार कहा जाता है।
Geo_nios_5ch_0017	यह भार घर्षण के एक औजार के रूप में काम करता है।
Geo_nios_5ch_0018	इस प्रकार यह नदी के तल और इसके किनारों को काटने में सहायता करता है।
Geo_nios_5ch_0019	इससे नदी का पाट गहरा और चौड़ा होता जाता है।
Geo_nios_5ch_0020	शैल पदार्थों के काटने और उनके हटाने की क्रिया को नदी अपरदन कहते हैं।
Geo_nios_5ch_0021	नदी अपरदन का कार्य चार प्रकार से होता है ।
Geo_nios_5ch_0022	अपघर्षण: नदी की धारा में शैल कण उछलते-कूदते हुए तथा तली और किनारों को खुरचते हुए आगे की ओर बढ़ते रहते हैं।
Geo_nios_5ch_0023	इस प्रक्रिया में वे शैलखंडों को तोड़ते जाते हैं।
Geo_nios_5ch_0024	अपरदन के इस रूप को अपघर्षण कहते हैं।
Geo_nios_5ch_0025	नदी के भार द्वारा तल और किनारों के घर्षण की यह भौतिक प्रक्रिया है।
Geo_nios_5ch_0026	अपघर्षण दो तरीकों से होता है।
Geo_nios_5ch_0027	पार्श्विक अपघर्षण: इस क्रिया द्वारा नदी के दोनों किनारों का अपरदन होता है।
Geo_nios_5ch_0028	इससे नदी घाटी चौड़ी हो जाती है।
Geo_nios_5ch_0029	ऊर्ध्वाधर अपघर्षण: इस प्रक्रिया में नदी तल का अपरदन होता है और नदी घाटी गहरी होती जाती है।
Geo_nios_5ch_0030	क्षय या विलयन: यह नदी के जल के संपर्क में आने वाली घुलनशील या कुछ कम घुलनशील शैलों पर जल की रासायनिक या घुलाने वाली प्रक्रिया है।
Geo_nios_5ch_0031	उदाहरण के लिए जब कैल्सियम कार्बोनेट से बना चूने का पत्थर जल के संपर्क मं आता है, तो यह शीघ्र घुल जाता है और नदी इसे बहा कर ले जाती है।
Geo_nios_5ch_0032	जल की भौतिक शक्ति द्वारा: इस क्रिया द्वारा नदी अपनी भौतिक शक्ति से शैलों को ढीला करती है और फिर उन्हें लुढ़काती हुई बहाकर ले जाती है।
Geo_nios_5ch_0033	इस कार्य में नदी के भार का कोई योगदान नहीं होता।
Geo_nios_5ch_0034	नदी की धारा का कुछ जल छिटककर किनारों से टकराता है और दरारों में भर जाता है।
Geo_nios_5ch_0035	इससे मुलायम शैलें टूट जाती हैं।
Geo_nios_5ch_0036	इन मुलायम और ढीले कणों को एकत्र करके नदी जल अपने साथ बहा ले जाता है।
Geo_nios_5ch_0037	संनिघर्षण: जिन पदार्थों को जल बहा कर ले जाता है, वे जब एक दूसरे से टकराते हैं और तली पर लुढ़कते हैं, तो उनमें टूट-फूट होती रहती है।
Geo_nios_5ch_0038	इस प्रक्रिया में बड़े-बड़े शैलखंड छोटे-छोटे टुकड़ों में बदल जाते हैं।
Geo_nios_5ch_0039	नुकीले कंकड़ पत्थर आपस में टकराकर गोल और चिकने बन जाते हैं।
Geo_nios_5ch_0040	नदी शैल पदार्थों को एक स्थान से दूसरे स्थान पर बहाकर ले जाती है।
Geo_nios_5ch_0041	इस क्रिया को नदी द्वारा भार वहन कहा जाता है।
Geo_nios_5ch_0042	यह भार चार प्रकार से ढोया जाता है।
Geo_nios_5ch_0043	कर्षण द्वारा: बड़े तथा भारी शैल पदार्थ जैसे - रोड़े, कंकड़-पत्थर आदि नदी जल के बहाव के साथ लुढ़कते और घिसकते रहते हैं।
Geo_nios_5ch_0044	इन शैल पदार्थों को नदी की धारा में लुढ़कते हुए, सरकते हुए, टकराते हुए और घिसटते हुए देखा जा  सकता है।
Geo_nios_5ch_0045	इस क्रिया को कर्षण तथा इस भार को कर्षण भार कहते हैं।
Geo_nios_5ch_0046	वल्गन: कुछ शैल खंड नदी तल पर लगातार उछलते हुए चलते है।
Geo_nios_5ch_0047	इस क्रिया को वल्गन कहते है।
Geo_nios_5ch_0048	रेत, गाद और कीचड़ के छोटे-छोटे कण पानी में मिले हुए बहते हैं।
Geo_nios_5ch_0049	यह क्रिया निलंबन कहलाती है।
Geo_nios_5ch_0050	अनेक शैल पदार्थ (खनिज कण) नदी के जल में घुले हुए बहते रहते हैं।
Geo_nios_5ch_0051	नदी चार प्रकार से अपने भार को ढो सकती है - कर्षण, वल्गन, निलंबन और घोलन क्रिया द्वारा।
Geo_nios_5ch_0052	नदी की परिवहन क्षमता उसके वेग, जल की मात्रा, ढ़ाल का स्वरूप तथा उसमें प्रवाहित कणों के आकार पर निर्भर करती है।
Geo_nios_5ch_0053	जब नदी पहाड़ों से निकलकर मैदानी भाग में आती है तो इसका ढाल मंद हो जाता है।
Geo_nios_5ch_0054	इससे नदी में भार ढोने की शक्ति कम हो जाती है।
Geo_nios_5ch_0055	नदी की शक्ति कम होने से परिवहन में बाधा पड़ती है।
Geo_nios_5ch_0056	परिणामस्वरूप इसके भार का कुछ अंश निक्षेपित होने लगता है।
Geo_nios_5ch_0057	इस क्रिया को निक्षेपण कहते हैं।
Geo_nios_5ch_0058	निक्षेपण क्रिया नदी की ढाल मंद होने से या धारा का वेग कम होने से या जल की मात्रा घटने से होती है।
Geo_nios_5ch_0059	निक्षेपण क्रिया सामान्यतः मैदानों में या नीचे क्षेत्रों में होती है।
Geo_nios_5ch_0060	जब नदी किसी झील या समुद्र में मिलती हैं तो वहाँ सारा भार (अवसाद) जमा कर देती है।
Geo_nios_5ch_0061	निक्षेपण ढाल के मंद या धारा का वेग कम होने या जल की मात्रा के घटने के कारण होता है।
Geo_nios_5ch_0062	एक शब्द में उत्तर दीजिए ।
Geo_nios_5ch_0063	नदी के तीन कार्य कौन से हैं ?
Geo_nios_5ch_0064	नदी द्वारा बहाकर ले जाए गए शैल पदार्थों को क्या कहते हैं ?
Geo_nios_5ch_0065	नदी अपरदन के चार तरीकों के नाम बताइए।
Geo_nios_5ch_0066	नदी के भार को ढोने के चार प्रकारों के नाम बताइए।
Geo_nios_5ch_0067	उन दो दशाओं के नाम बताइए जिनके कारण नदी का भार निक्षेपित होने लगता है।
Geo_nios_5ch_0068	उन क्षेत्रों के नाम बताइये जहाँ निक्षेपण होता है।
Geo_nios_5ch_0069	नदी अपने उद्गम से लेकर मुहाने तक अनेक प्रकार की स्थलाकृतियाँ बनाती है एवं उनके स्वरूप में परिवर्तन करती है।
Geo_nios_5ch_0070	अपरदन और निक्षेपण द्वारा नदी अपने मार्ग में विभिन्न स्थलाकृतियों का निर्माण करती है।
Geo_nios_5ch_0071	नदी का उद्गम प्रायः पर्वतीय क्षेत्र और मुहाना समुद्र या झील में होता है।
Geo_nios_5ch_0072	नदी के संपूर्ण पथ को इसका मार्ग या इसकी घाटी कहते हैं।
Geo_nios_5ch_0073	नदी के मार्ग को तीन भागों में बांटा जा सकता है ।
Geo_nios_5ch_0074	नदी मार्ग के तीन भाग हैं - ऊपरी मार्ग, मध्य मार्ग और निचला मार्ग।
Geo_nios_5ch_0075	ऊपरी या पर्वतीय मार्ग का प्रारंभ क्षेत्र में नदी के उद्गम से होता है।
Geo_nios_5ch_0076	इस भाग में नदी तीव्र ढालों पर तेज गति से बहती है।
Geo_nios_5ch_0077	अतः नदी के इस भाग में अपरदन की क्रिया सबसे अधिक होती है।
Geo_nios_5ch_0078	परिणामस्वरूप यहाँ नदी घाटी को गहरा करने का काम महत्वपूर्ण होता है।
Geo_nios_5ch_0079	सामान्य रूप से नदी के किनारों पर अपक्षय की क्रिया भी प्रभाव डालती है।
Geo_nios_5ch_0080	कुछ अपक्षयित शैल पदार्थ नदी में गुरुत्वाकर्षण शक्ति द्वारा लुढ़क कर आ जाते हैं तथा कुछ वर्षा के पानी के साथ बह कर नदी में पहुँच जाते हैं।
Geo_nios_5ch_0081	नदी घाटी के ऊपरी भाग को चौड़ा करने में अपक्षय भी मदद करता है, जिससे नदी घाटी अंग्रेजी के ‘V’ अक्षर जैसी दिखाई पड़ने लगती है।
Geo_nios_5ch_0082	ऐसी घाटियों को ‘V’ आकृति की घाटी कहते हैं।
Geo_nios_5ch_0083	यदि नदी तल की शैल कठोर और प्रतिरोधी होती है तो घाटी का ऊपरी भाग प्रायः चौड़ा नहीं हो पाता तथा तली की ओर निरंतर कटाव होने से गॉर्ज या महाखड्ड का निर्माण होता है।
Geo_nios_5ch_0084	गॉर्ज या महाखड्ड ऐसी घाटी होती है, जिसके किनारे लगभग खड़े ढाल वाले होते हैं।
Geo_nios_5ch_0085	भारत में इस प्रकार के गहरे महाखड्ड ब्रह्मपुत्र और सिंधु नदियों ने हिमालय के क्षेत्र में बनाए हैं।
Geo_nios_5ch_0086	गहरे महाखड्डों का विकास चूने पत्थर के क्षेत्रों और शुष्क जलवायु के प्रदेशों में भी होता है।
Geo_nios_5ch_0087	संकरे और बहुत गहरे महाखड्ड या केनयन के किनारे खड़े ढाल वाले होते हैं।
Geo_nios_5ch_0088	ऐसी घाटियों को 'I' आकृति की घाटी भी कहते हैं।
Geo_nios_5ch_0089	केनयन खड़े ढाल वाले किनारों की बहुत गहरी घाटी होती है।
Geo_nios_5ch_0090	यह घाटी कई सौ किलोमीटर लंबी हो सकती है।
Geo_nios_5ch_0091	संयुक्त राज्य अमेरिका की कोलोरेडो नामक नदी पर बनी ग्रांड केनयन विश्व विख्यात है।
Geo_nios_5ch_0092	नदी के ऊपरी मार्ग में कुछ विशिष्ट स्थलाकृतियाँ बन जाती हैं।
Geo_nios_5ch_0093	इनमें क्षिप्रिकाएँ, बड़ी क्षिप्रिकाएँ, सोपानी जलप्रपात और जल प्रपात प्रमुख हैं।
Geo_nios_5ch_0094	नदी के ऊपरी मार्ग में अनेक स्थलाकृतियों का निर्माण होता है जैसे महाखड्ड, केनयन, ‘V’ आकृति की घाटी, क्षिप्रिकाएँ, बड़ी क्षिप्रिकाएँ, सोपान जलप्रपात, जलप्रपात आदि।
Geo_nios_5ch_0095	नदी के मध्य मार्ग में ऊर्ध्वाधर अपघर्षण की अपेक्षा पार्श्विक अपघर्षण अधिक होता है।
Geo_nios_5ch_0096	किनारों का अपरदन होने से ‘V’ आकृति की घाटी चौड़ी होती जाती है।
Geo_nios_5ch_0097	इस भाग में अनेक सहायक नदियों के मुख्य नदी में आकर मिलने से जल की मात्रा बढ़ जाती है।
Geo_nios_5ch_0098	इससे नदी के भार में भी बढ़ोतरी होती है।
Geo_nios_5ch_0099	यहाँ नदी का मुख्य कार्य परिवहन होता है।
Geo_nios_5ch_0100	यहाँ थोड़ा बहुत निक्षेपण भी होता है।
Geo_nios_5ch_0101	नदी जहाँ तेज ढाल के पर्वतीय क्षेत्र से समतल मैदान में आती है, वहाँ अचानक ही वेग कम हो जाता है।
Geo_nios_5ch_0102	अतः नदी अपने साथ लाए बड़े-बड़े कण, बजरी और छोटे-छोटे पत्थरों को निक्षेपित कर देती है।
Geo_nios_5ch_0103	इस प्रकार निक्षेपित भार ‘पंखे’ जैसी आकृति ग्रहण कर लेते हैं।
Geo_nios_5ch_0104	इसलिए इन्हें ‘‘जलोढ़ पंखा’’ कहते हैं।
Geo_nios_5ch_0105	कभी-कभी पड़ोसी नदियों के द्वारा निर्मित अनेक पंखे एक साथ मिलकर एक बड़े मैदान का रूप ले लेते हैं।
Geo_nios_5ch_0106	इस मैदान को गिरिपद जलोढ़ मैदान कहते हैं।
Geo_nios_5ch_0107	पर्वतों की तलहटी में बनने के कारण इनका नाम गिरिपद पड़ गया है।
Geo_nios_5ch_0108	नदी के मार्ग में छोटा सा अवरोध आने पर जलधारा घूम जाती है और इसमें मोड़ बन जाते हैं।
Geo_nios_5ch_0109	इन मोड़ों को मियाण्डर या विसर्प कहते हैं।
Geo_nios_5ch_0110	मियाण्डर टर्की में मोड़ों में बहने वाली मियाण्डर नाम की नदी से लिया गया है।
Geo_nios_5ch_0111	नदी अपने मध्य मार्ग में जलोढ़ पंखे और विसर्प (मियाण्डर) नाम की स्थलाकृतियाँ बनाती हैं।
Geo_nios_5ch_0112	इस भाग में नदी एक चौड़े समतल मैदान में बहती है।
Geo_nios_5ch_0113	यहाँ इसमें ऊपरी मार्ग और मध्य मार्ग से लाए गए अवसादों की मात्रा काफी बढ़ जाती है।
Geo_nios_5ch_0114	ऊर्ध्वाधर अपघर्षण बिल्कुल समाप्त हो जाता है।
Geo_nios_5ch_0115	लेकिन नदी अब भी पार्श्विक अपघर्षण के द्वारा अपने किनारों को काटती रहती है।
Geo_nios_5ch_0116	यहाँ नदी की मुख्य क्रिया निक्षेपण हो जाती है।
Geo_nios_5ch_0117	इसमें नदी का तल भरता जाता है और बाढ़ के विशाल मैदान बन जाते हैं।
Geo_nios_5ch_0118	इस भाग में अनेक सहायक नदियाँ आकर मिलती हैं।
Geo_nios_5ch_0119	जल की मात्रा बढ़ जाती हैं।
Geo_nios_5ch_0120	मोटे पदार्थों का निक्षेपण हो जाता है।
Geo_nios_5ch_0121	महीन गाद या अवसाद मुहाने तक बहते हुए चले जाते हैं।
Geo_nios_5ch_0122	महीन कणों की कई बड़ी-बड़ी परतें नदी-तल पर जमा हो जाती है।
Geo_nios_5ch_0123	इससे नदी की धारा कई उपधाराओं में बंट जाती है।
Geo_nios_5ch_0124	तब इसे गुंफित नदी कहते हैं।
Geo_nios_5ch_0125	वार्षिक बाढ़ों के दौरान बड़ी मात्रा में अवसाद नदी के आस-पास के निचले क्षेत्रों में जमा हो जाते हैं।
Geo_nios_5ch_0126	इस प्रकार क्रमशः प्रतिवर्ष बाढ़ के दौरान अवसादों की एक परत जम जाती है।
Geo_nios_5ch_0127	इस प्रकार बाढ़ के उपजाऊ मैदान बन जाते हैं।
Geo_nios_5ch_0128	नदी के प्रत्येक किनारों पर मोटे अवसादों के जमा होने से प्राकृतिक तटबंध बन जाते हैं।
Geo_nios_5ch_0129	नदी के निचले मार्ग में विसर्प और अधिक बड़े और घुमावदार हो जाते हैं।
Geo_nios_5ch_0130	नदी के बाह्य तट या नतोदर तट का इतनी तेजी से अपरदन होता है कि विसर्प लगभग पूर्ण वत्त बन जाता है।
Geo_nios_5ch_0131	एक समय ऐसा आता है जब नदी की धारा विसर्प की ग्रीवा को काट देती है।
Geo_nios_5ch_0132	इस प्रकार विसप्र नदी की मुख्यधारा से अलग हो जाता है और विसर्प ‘गोखुर झील’ के रूप में बदल जाता है (देखिए चित्र 5.6)।
Geo_nios_5ch_0133	यह झील धीरे-धीरे दलदल में बदल जाती है और समय के साथ अवसादों से भर जाती है।
Geo_nios_5ch_0134	गंगा जैसी नदियों के मार्ग में कुछ दूरी पर स्थित ऐसी अनेक गोखुर झीलें देखने को मिलती हैं।
Geo_nios_5ch_0135	इनमें से कुछ अंशतः और कुछ पूर्णतः अवसादों से भर गई है।
Geo_nios_5ch_0136	किसी समुद्र या झील में गिरने से पूर्व नदी अपने साथ लाए अवसादों को अपने मुहाने पर जमा कर देती है।
Geo_nios_5ch_0137	इस प्रकार डेल्टा का निर्माण होने लगता है।
Geo_nios_5ch_0138	डेल्टा एक त्रिभुज जैसी स्थलाकति  है।
Geo_nios_5ch_0139	इसका शीर्ष नदी घाटी में ऊपर की ओर तथा आधार झील या समुद्र तट पर होता है।
Geo_nios_5ch_0140	यह महीन कणों वाले अवसाद से निर्मित पंखे के समान फैला हुआ क्षेत्र होता है।
Geo_nios_5ch_0141	नील नदी के डेल्टा की आकृति ग्रीक भाषा के ‘डेल्टा’ अक्षर के अनुरूप है।
Geo_nios_5ch_0142	कुछ डेल्टा बहुत विशाल हैं।
Geo_nios_5ch_0143	गंगा-ब्रह्मपुत्र का डेल्टा संसार का सबसे बड़ा डेल्टा है।
Geo_nios_5ch_0144	डेल्टा के निर्माण में निम्नलिखित दशाएं सहायक होती हैं।
Geo_nios_5ch_0145	नदी के ऊपरी मार्ग में ऊर्ध्वाधर तथा पार्श्विक अपघर्षण के द्वारा बहुत बड़ी मात्रा में अवसादों का आना।
Geo_nios_5ch_0146	मुहाने पर तेज गति वाली समुद्री धारा का अभाव ताकि अवसाद बहा न दिया जाय।
Geo_nios_5ch_0147	निचले मार्ग में अवसादों के निक्षेपण से उत्पन्न अवरोधों के कारण नदी अनेक उपधाराओं में विभक्त हो जाती है।
Geo_nios_5ch_0148	इन उपधाराओं को वितरिकाएं या उपनदियां कहते हैं।
Geo_nios_5ch_0149	समुद्र में गिरने वाली कुछ नदियां डेल्टा नहीं बनातीं।
Geo_nios_5ch_0150	इनका मुहाना समुद्र की ओर क्रमशः चौड़ा होता जाता है तथा स्थल की ओर नदी घाटी गहरी होती जाती है।
Geo_nios_5ch_0151	नदी के ऐसे मुहाने को ज्वारनदमुख (एस्चुअरी) कहते हैं।
Geo_nios_5ch_0152	ज्वार-भाटे और समुद्री धाराओं द्वारा अवसादों को गहरे सागर में बहाकर ले जाने के कारण ज्वारनदमुखों का निर्माण होता है।
Geo_nios_5ch_0153	परन्तु अधिकतर ज्वारनदमुख वहां बने हैं, जहां नदी के मुहाने का भू-भाग नीचे धंस गया है।
Geo_nios_5ch_0154	भारत के पश्चिम की ओर बहने वाली दो नदियां - नर्मदा और तापी डेल्टा नहीं बनातीं।
Geo_nios_5ch_0155	ये नदियां अरबसागर से मिलते समय ज्वारनद मुख बनाती हैं।
Geo_nios_5ch_0156	नदी अपने निचले मार्ग में विभिन्न प्रकार की स्थलाकृतियां बनाती हैं।
Geo_nios_5ch_0157	विसर्प, बाढ़ के मैदान, गुंफित नदी, गोखुर झील, डेल्टा और ज्वार नद मुख ऐसी स्थलाकृतियां हैं।
Geo_nios_5ch_0158	रिक्त स्थानों को भरिए ।
Geo_nios_5ch_0159	उद्गम से लेकर मुहाने तक नदी मार्ग को तीन भागों में बांटा गया है, वे भाग हैं ।
Geo_nios_5ch_0160	संकरी और खड़े ढाल वाले किनारों की घाटी को  कहते हैं।
Geo_nios_5ch_0161	रिक्त स्थानों को भरिए ।
Geo_nios_5ch_0162	नदी के घुमाव या मोड़ों को  कहते हैं।
Geo_nios_5ch_0163	गिरिपद क्षेत्र में ढाल के कम होने पर नदी के द्वारा निक्षेपित भार पंखे का रूप ले लेता है।
Geo_nios_5ch_0164	गिरिपद जलोढ़ मैदान कैसे बनता है ?
Geo_nios_5ch_0165	रिक्त स्थानों को भरिए ।
Geo_nios_5ch_0166	विसर्प जब पूर्ण रूप से नदी से कट जाता है, तब वे एक झील का रूप ग्रहण कर लेता हैं, जिसे  कहते हैं।
Geo_nios_5ch_0167	मुख्य नदी जब अनेक उपधाराओं में बंटकर समुद्र में गिर जाती है, तो उन उपधाराओं को  कहते हैं।
Geo_nios_5ch_0168	नदी के मुहाने पर त्रिभुज के समान बनी स्थलाकृति को  कहते हैं।
Geo_nios_5ch_0169	नर्मदा और तापी डेल्टा न बनाकर  बनाती हैं।
Geo_nios_5ch_0170	शैलों में जल का रिसना तथा उनकी जल धारण करने की क्षमता इस बात पर निर्भर करती है कि शैल कणों के बीच खाली स्थान है या नहीं।
Geo_nios_5ch_0171	यदि शैलें बलुआ पत्थर की तरह सरंध्र है तो जल उनमें आसानी से प्रवेश कर सकता है।
Geo_nios_5ch_0172	ऐसी शैलों को पारगम्य शैल कहते हैं।
Geo_nios_5ch_0173	इसके विपरीत यदि शैल सरन्ध्र नहीं है, तो जल उनमें से प्रवेश नहीं कर सकता।
Geo_nios_5ch_0174	ऐसी शैलों को अपारगम्य शैल कहते हैं।
Geo_nios_5ch_0175	लेकिन यदि ऐसी शैलों में जोड़ या दरारें होती हैं, तो जल उनमें प्रवेश कर सकता है।
Geo_nios_5ch_0176	वर्षा का जल या हिम के पिघलने से बना जल, जब भूमि के अंदर रिस कर शैलों में एकत्र हो जाता है, तब वह भूमिगत जल कहलाता है।
Geo_nios_5ch_0177	वे शैल जिनमें जल आसानी से प्रवेश कर जाता है, पारगम्य शैल कहलाती हैं तथा वे शैल जिन में प्रवेश नहीं कर पाता, अपारगम्य शैल कहलाती हैं।
Geo_nios_5ch_0178	यद्यपि भूमिगत जल की मात्रा भिन्न-भिन्न स्थानों पर अलग-अलग होती है, लेकिन धरातल की स्थलाकृतियों के निर्माण के रूप परिवर्तन में इसकी मुख्य भूमिका रहती है।
Geo_nios_5ch_0179	इसका मुख्य कार्य धरातल के नीचे होता है; लेकिन धरातल के ऊपर भी इसका कार्य महत्वपूर्ण होता है।
Geo_nios_5ch_0180	शैलों से होकर रिसने वाला जल बहुत अधिक गहराई तक नहीं जा पाता।
Geo_nios_5ch_0181	जल के रिसने की एक सीमा होती है।
Geo_nios_5ch_0182	अधिकतर दशाओं में पारगम्य शैलों के नीचे अपरागम्य शैलें बिछी होती हैं।
Geo_nios_5ch_0183	वर्षा का जल रिसकर अपारगम्य शैल तक ही जा पाता है, क्योंकि जल इन शैलों के नीचे नहीं प्रवेश कर सकता।
Geo_nios_5ch_0184	अतः वह पारगम्य शैलों के रंध्रों और छिद्रों में एकत्र हो जाता है।
Geo_nios_5ch_0185	जल से भरी ऐसी शैलों को जलभृत शैल कहते हैं।
Geo_nios_5ch_0186	ऐसी शैलें जल का भंडारण करने वाली होती है।
Geo_nios_5ch_0187	पारगम्य और सरंध्र शैलों का वह संस्तर जो पूरी तरह से भूमिगत जल से भरा रहता है, संतृप्त संस्तर कहलाता है।
Geo_nios_5ch_0188	इस संस्तर का ऊपरी तल, जिसके नीचे की शैलें पूरी तरह से जल से भरी होती है, भूमिगत जल का तल या जल स्तर कहलाता है।
Geo_nios_5ch_0189	भूमिगत जल को धारण करने वाली शैलों को जलभृत शैल कहते हैं।
Geo_nios_5ch_0190	धरातल के नीचे पारगम्य और सरंघ्र शैलों का जो संस्तर भूमिगत जल से भरा रहता है, संतृप्त संस्तर कहलाता है।
Geo_nios_5ch_0191	भूमिगत जल का वह तल, जिसके नीचे शैलें जल से पूरी तरह से भरी होती हैं, भूमिगत जल स्तर कहलाता है।
Geo_nios_5ch_0192	किसी भी क्षेत्र में भूमिगत जलस्तर का तल स्थिर नहीं होता।
Geo_nios_5ch_0193	यह भूमि के स्वरूप, वर्षा की मात्रा में परिवर्तन तथा नीचे बिछी शैलों की विशेषताओं द्वारा नियंत्रित होता है।
Geo_nios_5ch_0194	अधिक वर्षण वाले प्रदेशों तथा नदियों और झीलों के निकटवर्ती क्षेत्रों में भूमिगत जलस्तर काफी ऊँचा रहता है।
Geo_nios_5ch_0195	भूमिगत जल स्तर धरातल के उच्चावच से भी प्रभावित होता है।
Geo_nios_5ch_0196	वह तीव्र ढालों पर और पर्वतीय प्रदेशों में अपेक्षाकृत नीचा रहता है, क्योंकि यह ढाल का अनुसरण करता है और ऊँचे तल से नीचे तल की ओर खिसकता रहता है।
Geo_nios_5ch_0197	भूमिगत जल स्तर ऋतुओं के अनुसार भी बदलता है।
Geo_nios_5ch_0198	वर्षा ऋतु में यह ऊँचा और ग्रीष्म ऋतु में नीचा रहता है।
Geo_nios_5ch_0199	परिवर्तनशीलता के आधार पर भूमिगत जलस्तर दो प्रकार का होता है  स्थायी भूमिगत जल स्तर तथा  अस्थायी जल स्तर।
Geo_nios_5ch_0200	स्थायी भूमिगत जल स्तर ।
Geo_nios_5ch_0201	जब भूमिगत जल स्तर सदैव स्थिर रहता है और एक निश्चित तल से नीचे नहीं जाता तो इसे स्थायी भूमिगत जलस्तर कहते हैं।
Geo_nios_5ch_0202	ऋतुओं के परिवर्तन का इस पर कोई प्रभाव नहीं पड़ता।
Geo_nios_5ch_0203	इस गहराई तक खोदे गए कुओं में जल सदैव भरा रहता है।
Geo_nios_5ch_0204	ऐसे कुएं सदानीर होते हैं।
Geo_nios_5ch_0205	अस्थायी भूमिगत जल स्तर ।
Geo_nios_5ch_0206	इसे मौसमी भूमिगत जल स्तर भी कहते हैं।
Geo_nios_5ch_0207	यह भूमिजल जल स्तर स्थिर नहीं रहता और ऋतुओं के अनुसार बदलता रहता है, तो इसे अस्थायी भूमिगत जल स्तर कहते हैं।
Geo_nios_5ch_0208	इसका अर्थ यह हुआ कि अस्थायी भूमिगत जल स्तर वर्षा ऋतु में ऊँचा होगा और शुष्क ऋतु में यह नीचा होगा।
Geo_nios_5ch_0209	इस प्रकार वर्षा ऋतु का भूमिगत जलस्तर अस्थायी होता है।
Geo_nios_5ch_0210	इस तल तक खोदे गए कुएं सदानीर नहीं होते।
Geo_nios_5ch_0211	ये ग्रीष्म ऋतु में सूख जाते हैं।
Geo_nios_5ch_0212	आपने ग्रीष्म ऋतु में कुओं को सूखते हुए तथा वर्षा ऋतु में जल से भरा हुआ देखा होगा।
Geo_nios_5ch_0213	ऐसा इसलिए होता है कि ये कुएं अस्थायी भूमिगत जल स्तर तक ही खोदे गये होते हैं।
Geo_nios_5ch_0214	भूमि का स्वरूप, वर्षा की मात्रा में परिवर्तन तथा शैलों की विशेषताएँ किसी क्षेत्र के भूमिगत जल स्तर को प्रभावित करती हैं।
Geo_nios_5ch_0215	जिस तल से भूमिगत जलस्तर कभी नीचे नहीं जाता, उसे स्थायी भूमिगत जल स्तर कहते हैं।
Geo_nios_5ch_0216	जो भूमिगत जल स्तर ऋतुओं के अनुसार बदलता रहता है, उसे अस्थायी या मौसमी भूमिगत जल स्तर कहते हैं।
Geo_nios_5ch_0217	प्रत्येक कथन के सामने कोष्ठकों में दिए गए शब्दों में से उचित शब्द चुनकर रिक्त स्थानों की पूर्ति कीजिए।
Geo_nios_5ch_0218	धरातल से रिस कर नीचे शैलों में एकत्र होने वाले जल को कहते हैं। (भूमिगतजल/भूतिगत जलस्तर)
Geo_nios_5ch_0219	भूमिगत जल से परिपूर्ण शैलों को कहते हैं। (संतृप्त स्तर, जलभृत शैल)
Geo_nios_5ch_0220	भूतिगत जल स्तर के दो प्रकारों के नाम लिखिए।
Geo_nios_5ch_0221	भूमिगत जल स्तर को प्रभावित करने वाले तीन कारकों के नाम लिखिए ।
Geo_nios_5ch_0222	आपने कुएं और नलकूप अवश्य देखे होंगे।
Geo_nios_5ch_0223	ये धरातल में मनुष्य द्वारा खोदे गए छिद्र हैं, जिनसे पीने और सिंचाई के लिए जल निकाला जाता है।
Geo_nios_5ch_0224	नलकूपों के लिए धरातल में  छिद्र यंत्रों द्वारा बनाए जाते हैं।
Geo_nios_5ch_0225	लेकिन कुएं मनुष्य द्वारा खोदे जाते हैं।
Geo_nios_5ch_0226	दोनों ही उदाहरणों में स्थायी भूमिगत जल स्तर तक छिद्र बनाए जाते हैं।
Geo_nios_5ch_0227	इनके अतिरिक्त एक और विशेष प्रकार का कुआं होता है, जिसमें  भूमिगत जल अपने दबाव के कारण स्वतः मानवनिर्मित या प्राकृतिक छिद्र से धरातल के ऊपर निकलने लगता है।
Geo_nios_5ch_0228	ऐसे कुएं को उत्स्रुत कूप कहते हैं।
Geo_nios_5ch_0229	अंग्रेजी में इसको ‘आर्टेजियन वेल’ कहते हैं।
Geo_nios_5ch_0230	यह नाम फ्रांस के ‘आरटाइज प्रदेश’ के नाम पर आधारित है।
Geo_nios_5ch_0231	जहां इस प्रकार का सबसे पहला कुआं खोदा गया था।
Geo_nios_5ch_0232	उत्स्रुत कूप के निर्माण के लिए कुछ निश्चित परिस्थितियों का होना आवश्यक है ।
Geo_nios_5ch_0233	उत्स्रुत कूप के लिए दो अपारगम्य शैलों के बीच एक पारगम्य शैल होनी चाहिए।
Geo_nios_5ch_0234	इस प्रकार पारगम्य शैल में भरा जल इधर-उधर नहीं जा सकता।
Geo_nios_5ch_0235	उत्स्रुत कूपों के बनने के लिए दूसरी शर्त हैं कि शैलों की संरचना अभिनतिक या झुकी हुई होनी चाहिए अर्थात् शैलों की परतें धनुष की आकृति की समान बिछी हो।
Geo_nios_5ch_0236	शैलों का अंतःगृहीत क्षेत्र यह आवश्यक है कि पारगम्य शैल धरातल पर अनावृत या उघड़ी हुई हो।
Geo_nios_5ch_0237	इस स्थिति में  जल रिस कर शैलों में जा सकेगा।
Geo_nios_5ch_0238	यह अंतःगृहीत क्षेत्र अर्थात् जहां जल पारगम्य शैल में प्रवेश करता है, काफी ऊँचाई पर होना चाहिए ताकि जल के बाहर निकलने के लिए आवश्यक द्रव चालित दबाव उत्पन्न हो सके।
Geo_nios_5ch_0239	जिन स्थानों पर पारगम्य शैल अनावृत हों, वहां काफी वर्षा होनी चाहिए या सदानीर नदी अथवा हिमानियों का पिघला जल पर्याप्त मात्रा में सुलभ होना चाहिए।
Geo_nios_5ch_0240	धरातल में मानव निर्मित छिद्र जिससे भूमिगत जल निकाला जाता है, कुआँ कहलाता है।
Geo_nios_5ch_0241	यह कुआँ जिससे भूमिगत जल अपने दबाव के कारण स्वतः धरातल पर निकलने लगता है, उत्स्रुत कूप कहलाता है।
Geo_nios_5ch_0242	उत्स्रुत कूप बनने के लिए आवश्यक परिस्थितियाँ हैं शैलों का विन्यास, शैलों की संरचना, शैलों का अंतःगृहित क्षेत्र और जल की सुलभता।
Geo_nios_5ch_0243	शैलों की दरारों अथवा छिद्रों से द्रव चालित दबाव के कारण भूमिगत जल के धरातल पर स्वतः निकलने को स्रोत कहते हैं।
Geo_nios_5ch_0244	स्रोत के निर्माण के लिए जरूरी है कि जलभृत शैल या तो धरातल पर अनावृत हो या अपारगम्य शैलों के नीचे दबी हो।
Geo_nios_5ch_0245	जलभृत शैल में जल की मात्रा, उस क्षेत्र में वर्षा की मात्रा, स्थलाकृति की विशेषताओं तथा जलभृत शैल के आकार पर निर्भर करती हैं (देखिए चित्र 5.10)।
Geo_nios_5ch_0246	कभी-कभी स्रोत से निकलने वाला जल गर्म होता है, ऐसे स्रोतों को गर्म जल स्रोत कहते हैं।
Geo_nios_5ch_0247	ये सामान्यतः सक्रिय या नवीन ज्वालामुखी क्षेत्रों में पाए जाते हैं।
Geo_nios_5ch_0248	भूमिगत जल पृथ्वी के अंदर गर्म शैलों अथवा भाप के संपर्क में आने से गर्म हो जाता है।
Geo_nios_5ch_0249	गर्मजल स्रोत भारत के अनेक भागों में पाए जाते हैं।
Geo_nios_5ch_0250	भारत के हिमालयी राज्यों जम्मू-कश्मीर और हिमाचल प्रदेश में गर्म जल स्रोत पाए जाते हैं।
Geo_nios_5ch_0251	इसके अतिरिक्त ये उत्तर प्रदेश, बिहार, हरियाणा और असम में भी मिलते हैं।
Geo_nios_5ch_0252	कुल्लू घाटी के मणिकर्ण में , शिमला के निकट तत्तापानी में , कांगड़ा के ज्वालामुखी में , हरियाणा के सोहना में, बिहार के सीताकुंड और राजगीर में तथा उत्तराखण्ड के बद्रीनाथ में गर्म जल स्रोत पाए जाते हैं।
Geo_nios_5ch_0253	गीज़र उन गर्म जल स्रोतों को कहते हैं जिनमें गर्म जल एवं भाप एक निश्चित अंतराल पर फव्वारे की तरह निकलता है।
Geo_nios_5ch_0254	गीज़र शब्द आइस लैण्ड नामक देश की भाषा के शब्द ‘गेसिर’ से बना है।
Geo_nios_5ch_0255	भाप के द्वारा उत्पन्न दबाव के कारण गीज़र में  गर्म जल बड़े वेग से फूट पड़ता है।
Geo_nios_5ch_0256	इसमें जल निरंतर नहीं निकलता, अपितु रूक-रूक कर निकलता है; क्योंकि धरातल में से निकली इसकी निकास नली बहुत संकरी होती है।
Geo_nios_5ch_0257	इससे जल तथा भाप का प्रवाह लगातार नहीं रह पाता।
Geo_nios_5ch_0258	कुछ गीजर एक निश्चित अंतराल पर फूटते हैं।
Geo_nios_5ch_0259	निश्चित अंतराल पर फूटने वाले गीजरों में संयुक्त राज्य अमेरिका का ‘‘औल्ड फेथफुल’’ गीज़र विशेष रूप से उल्लेखनीय है।
Geo_nios_5ch_0260	यह राकी पर्वतीय क्षेत्र के यलोस्टोन नेशनल पार्क में स्थित है।
Geo_nios_5ch_0261	इस गीज़र का फूटना इतना निश्चित समय से होता है कि लोग अपनी घड़ियां मिला लेते हैं।
Geo_nios_5ch_0262	संसार में गीज़र संयुक्त राज्य अमेरिका के थलोस्टोन नेशनल पार्क, आइस लैंड और न्यूजीलैंड के उत्तरी भाग में पाए जाते हैं (देखिए चित्र 5.11)।
Geo_nios_5ch_0263	शैलों की दरारों अथवा छिद्रों से द्रव चालित दबाव के कारण भूमिगत जल के स्वतः धरातल पर निकलने को जल स्रोत कहते हैं।
Geo_nios_5ch_0264	ये स्रोत गर्म या ठंडे जल के हो सकते हैं।
Geo_nios_5ch_0265	जिन गर्म जल स्रोतों का जल बड़े वेग से फव्वारे की भांति बाहर आता है, उनको गीज़र कहते हैं।
Geo_nios_5ch_0266	निम्नलिखित प्रश्नो के उत्तर एक शब्द में दीजिए ।
Geo_nios_5ch_0267	सबसे पहला उत्सु्रत कूप फ्रांस के किस प्रदेश में बना था ?
Geo_nios_5ch_0268	कुल्लू घाटी के उस स्थान का नाम बताइये जहाँ गर्म जल स्रोत पाए जाते हैं।
Geo_nios_5ch_0269	‘ओल्ड फेथफुल’ गीज़र किस देश में स्थित हैं ?
Geo_nios_5ch_0270	उत्स्रुत कूपों के बनने के लिए शैलों की आकृति कैसी होनी चाहिए ?
Geo_nios_5ch_0271	बहते हुए जल की तरह भूमिगत जल भी तल संतुलन का एक कारक है।
Geo_nios_5ch_0272	इसके अपरदन, परिवहन और निक्षेपण द्वारा बहुत सी अनोखी स्थलाकृतियों का निर्माण होता है।
Geo_nios_5ch_0273	भूमिगत जल से बनी स्थलाकृतियाँ विशेषतः चूना पत्थर से बनी उच्च भूमियों पर विकसित होती है।
Geo_nios_5ch_0274	चूना-पत्थर क्षेत्रों में भूतिगत जल के कार्यों से बनी विशिष्ट स्थलाकृति को कार्स्ट स्थलाकृति कहते हैं।
Geo_nios_5ch_0275	कार्स्ट शब्द क्रोशिया के एड्रियाटिक समुद्र तट पर स्थित कार्स्ट क्षेत्र से लिया गया है, जहां इस प्रकार की स्थलाकृति देखने को मिलती है।
Geo_nios_5ch_0276	यह प्रदेश चूना पत्थर से बना है, जहाँ भूमिगत जल तल संतुलन का सबसे अधिक सक्रिय कारक हैं।
Geo_nios_5ch_0277	चूने की शैलों वाले प्रदेश में भूमिगत जल से बनी विशिष्ट स्थलकृति को कार्स्ट स्थलाकृति कहते हैं।
Geo_nios_5ch_0278	रासायनिक अपक्षय तथा चूने की शैलों के पानी में घुलने से भूमिगत जल अपरदन का कार्य करता है।
Geo_nios_5ch_0279	भूमिगत जल के अपरदन से बनी हुई स्थलाकृतियाँ दो प्रकार की होती हैं ।
Geo_nios_5ch_0280	धरातल के ऊपर बनने वाली स्थलकृतियाँ जैसे - घोल रंध्र तथा विलय रंध्र ।
Geo_nios_5ch_0281	धरातल के नीचे बनने वाली स्थलाकृतियाँ - कंदराऐं, स्टैलैक्टाइट और स्टैलैग्माइट ।
Geo_nios_5ch_0282	ये रंध्र कीप के आकार के गड्ढे होते हैं जिनकी गहराई तीन से नौ मीटर तक होती है।
Geo_nios_5ch_0283	इनके मुख की चौड़ाई एक मीटर से अधिक होती है।
Geo_nios_5ch_0284	जल की घुलन क्रिया के कारण चूने की शैलों में बनी दरारों के बड़े होने से घोल रंध्र बनते हैं।
Geo_nios_5ch_0285	भारत में मेघालय राज्य के चूने की शैलों के प्रदेश में घोल रंध्र देखने को मिलते हैं।
Geo_nios_5ch_0286	जिन क्षेत्रों में घोल रंध्र अधिक संख्या में पाए जाते हैं वहाँ सड़कें और रेल मार्ग बनाना कठिन होता है।
Geo_nios_5ch_0287	ये रंध्र बेलनाकृति नलिकाओं के रूप में घोल रंध्रों के नीचे कुछ गहराई पर बने होते हैं।
Geo_nios_5ch_0288	चूने की शैलों के प्रदेश में नदियाँ घोल रंध्रों में घुसकर धरातल के नीचे विलय रंध्रों में विलुप्त हो जाती है।
Geo_nios_5ch_0289	ये विलय रंध्र भूमिगत कंदराओं से जुड़े होते हैं।
Geo_nios_5ch_0290	भूमिगत जल की घुलनक्रिया से धरातल के नीचे बनी गुफाओं को कंदराएं कहते हैं।
Geo_nios_5ch_0291	चूने की शैलों के प्रदेश की यह विशेष स्थलाकृति हैं।
Geo_nios_5ch_0292	धरातलीय जल घोल रंध्रों और विलय रंध्रों के द्वारा भूमिगत हो जाता है।
Geo_nios_5ch_0293	नीचे पहुँच कर यह जल चूने की शैलों को घोल देता है।
Geo_nios_5ch_0294	इस प्रकार धरातल के नीचे कंदराओं का जाल सा बन जाता है।
Geo_nios_5ch_0295	ये कंदराएं उत्तराखंड के देहरादून और कुमाऊँ हिमालय के अल्मोड़ा जिले में देखने को मिलती है।
Geo_nios_5ch_0296	छत्तीसगढ़ के बस्तर आदिवासी क्षेत्र में स्थित कुटुम्बसर की गुफाएँ हमारे देश की प्रसिद्ध कंदराएँ हैं।
Geo_nios_5ch_0297	कीप की आकृति के बने गर्त को घोलरंध्र कहते हैं।
Geo_nios_5ch_0298	बेलनाकृति नलिकाओं को विलय रंध्र कहते हैं।
Geo_nios_5ch_0299	ये रंध्र कुछ गहराई पर घोल रंध्रों के नीचे बने होते हैं।
Geo_nios_5ch_0300	भूमिगत जल की घुलन क्रिया से चूने की शैलों के प्रदेश में बनी भूमिगत गुफाएँ कंदराएँ कहलाती हैं।
Geo_nios_5ch_0301	ये चूने की शैलों के प्रदेश की कंदराओं में निक्षेपण प्रक्रिया से बनी प्रमुख स्थलाकृतियाँ हैं।
Geo_nios_5ch_0302	चूना मिश्रित जल कंदराओं की छत से निरंतर बूंद-बूंद करके टपकता रहता है।
Geo_nios_5ch_0303	छत से टपकने वाले जल का अंश भाप बनकर उड़ जाता है तथा यह क्रिया निरंतर चलती रहती है और एक स्तंभ सा नीचे की ओर बन जाता है।
Geo_nios_5ch_0304	इन सुंदर रचनाओं को स्टैलैक्टाइट कहते हैं।
Geo_nios_5ch_0305	छत से टपकने वाले जल का शेष भाग जब कंदरा के फर्श पर गिरता है, तब जल का कुछ अंश भाप बनकर उड़ जाता है और चूने का थोड़ा सा अंश कंदरा के फर्श पर चिपक जाता है।
Geo_nios_5ch_0306	इस प्रकार फर्श पर चूने का एक स्तंभ सा खड़ा हो जाता है।
Geo_nios_5ch_0307	इस प्रकार चूने के निक्षेपण से बनी स्थलाकृति को स्टैलैग्माइट कहते हैं।
Geo_nios_5ch_0308	जब स्टैलैक्टाइट और स्टैलैग्माइट दोनों स्तंभ बढ़ते-बढ़ते एक-दूसरे से मिल जाते हैं, तब कंदराओं में  लंबवत् स्तंभ बन जाता है।
Geo_nios_5ch_0309	चूने की शैलों के प्रदेश में भूमिगत कंदराओं की छत से लटकती हुई ठोस और नुकीली आकृति को स्टैलैक्टाइट कहते हैं।
Geo_nios_5ch_0310	चूने की शैलों के प्रदेश की भूमिगत कंदराओं के फर्श पर बने स्तंभ को स्टैलैग्माइट कहते हैं।
Geo_nios_5ch_0311	निम्नलिखित प्रश्नों के उत्तर एक या दो शब्दों में दीजिए ।
Geo_nios_5ch_0312	छत्तीसगढ़ में स्थित कंदरा का नाम बताइये।
Geo_nios_5ch_0313	कार्स्ट प्रदेश किस देश में स्थित है ?
Geo_nios_5ch_0314	संसार के तीन प्रदेशों के नाम बताइये जहाँ गीजर और गर्म जलस्रोत पाए जाते हैं।
Geo_nios_5ch_0315	भूमिगत जल के द्वारा धरातल पर बनी दो स्थलाकृतियों के नाम बताइये ।
Geo_nios_5ch_0316	तल संतुलन के कारकों में बहता जल सबसे अधिक प्रभावी और महत्वपूर्ण है।
Geo_nios_5ch_0317	नदी के तीन कार्य है -  अपरदन  परिवहन और निक्षेपण।
Geo_nios_5ch_0318	नदी द्वारा बहाकर ले जाए जाने वाले शैल पदार्थों को इसका ‘भार’ कहते हैं।
Geo_nios_5ch_0319	नदी की शैल पदार्थों को बहाकर ले जाने की क्षमता  जलधारा का वेग  जल की मात्रा  भूमि की संरचना  भार में शामिल पदार्थों का आकार  ढाल पर निर्भर है।
Geo_nios_5ch_0320	नदी द्वारा अपरदन कार्य चार प्रकार से होता है - अपघर्षण, क्षय या विलयन, जल की भौतिक शक्तियाँ और सनिघर्षण।
Geo_nios_5ch_0321	नदी अपने भार को चार प्रकार से बहाकर ले जाती है - कर्षण, वल्गन, निलंबन तथा घोलन क्रिया द्वारा।
Geo_nios_5ch_0322	निक्षेपण का प्रारंभ मैदानी भागों और निम्न क्षेत्रों में होता है।
Geo_nios_5ch_0323	नदी जिस पथ का अनुसरण करती हैं, उसे नदी मार्ग कहते हें।
Geo_nios_5ch_0324	नदी मार्ग को तीन भागों में विभाजित किया जाता है - ऊपरी मार्ग, मध्य मार्ग, निचला मार्ग।
Geo_nios_5ch_0325	ऊपरी मार्ग पर्वतों में होता है।
Geo_nios_5ch_0326	यहाँ ऊर्ध्वाधर अपरदन अधिक होता है।
Geo_nios_5ch_0327	इस भाग की मुख्य स्थलाकृतियाँ महाखड्ड (केनयन), क्षिप्रिकाएँ और जलप्रपात है।
Geo_nios_5ch_0328	मध्यमार्ग का प्रारम्भ पर्वत और मैदानों के मिलन गिरिपद क्षेत्र से माना जाता है।
Geo_nios_5ch_0329	यहाँ नदी का मुख्य कार्य परिवहन तथा कुछ निक्षेपण है।
Geo_nios_5ch_0330	इस भाग की प्रमुख स्थलाकृतियाँ हैं - विसर्प, गोखुर झील।
Geo_nios_5ch_0331	नदी का निचला मार्ग मैदानों में होता है।
Geo_nios_5ch_0332	यहां नदी का मुख्य कार्य निक्षेपण है।
Geo_nios_5ch_0333	इस मार्ग की प्रमुख स्थलाकृतियाँ हैं।
Geo_nios_5ch_0334	गुंफित नदियाँ, बाढ़कृत मैदान, डेल्टा तथा ज्वारनद मुख।
Geo_nios_5ch_0335	भू-सतह का जल रिसकर भूमि के अंदर चला जाता है, उसे भूमिगत जल कहते हैं।
Geo_nios_5ch_0336	इस जल की ऊपरी सीमा भूमिगत जलस्तर कहलाती है।
Geo_nios_5ch_0337	भूमि में इसकी गहराई एक जैसी नहीं होती अपितु ऋतुओं के अनुसार बदलती रहती है।
Geo_nios_5ch_0338	फलतः भूमिगत जलस्तर दो प्रकार का होता है - स्थायी भूमिगत जलस्तर तथा अस्थायी भूमिगत जलस्तर।
Geo_nios_5ch_0339	भूमिगत जल कुओं, नल कूपों और स्रोतों द्वारा धरातल पर आता है।
Geo_nios_5ch_0340	कुएँ तथा नलकूप धरातल में मानव द्वारा निर्मित छिद्र होते हैं जिनसे जल की प्राप्ति होती है।
Geo_nios_5ch_0341	इनके अतिरिक्त एक विशेष प्रकार का कुआं जिससे द्रव चालित दबाव के कारण जल अपने आप धरातल पर निकलता रहता है, उत्सु्रत कूप कहलाता हैं।
Geo_nios_5ch_0342	शैलों की दरारों या छिद्रों से अपने ही दबाव के कारण भूमिगत जल के अपने आप धरातल पर निकलने को स्रोत कहते हैं।
Geo_nios_5ch_0343	जिन स्रोतों में गर्म जल निकलता है, उन्हें गर्म जल स्रोत कहते हैं।
Geo_nios_5ch_0344	जब गर्म जल स्रोतों से जल फव्वारों की तरह फूटता है तो उसे गीजर कहते हैं।
Geo_nios_5ch_0345	संसार में गीजर मुख्यरूप से आइसलैंड, संयुक्त राज्य अमेरिका के यलोस्टोन नेशनल पार्क तथा न्यूजीलैंड में पाए जाते हैं।
Geo_nios_5ch_0346	भूमिगत जल अपरदन, परिवहन और निक्षेपण का कार्य भी करता है।
Geo_nios_5ch_0347	इन कार्यों से  विशिष्ट स्थलाकृतियां बन जाती हैं।
Geo_nios_5ch_0348	इसकी अपरदन क्रिया से निर्मित प्रमुख स्थलाकृतियाँ हैं - घोल रंध्र, विलय रंध्र तथा कंदराएँ।
Geo_nios_5ch_0349	स्टैलैक्टाइट और स्टैलैग्माइट इसके निक्षेपण कार्य के द्वारा कंदराओं में बनते हैं।
Geo_nios_5ch_0350	निम्नलिखित प्रश्नों के उत्तर संक्षेप में दीजिए ।
Geo_nios_5ch_0351	नदी किन विभिन्न तरीकों से अपने भार का परिवहन करती है?
Geo_nios_5ch_0352	उन कारकों के नाम बताइये जो नदी की शक्ति  परिवहन क्षमता को प्रभावित करते हैं।
Geo_nios_5ch_0353	किन तरीकों से नदी अपरदन कार्य को पूरा करती है ?
Geo_nios_5ch_0354	निम्नलिखित जोड़ों में अंतर बताइये ।
Geo_nios_5ch_0355	ज्वारनद मुख और डेल्टा बाढ़कृत मैदान और गुफित नदी।
Geo_nios_5ch_0356	निम्नलिखित स्थलाकृतियाँ नदी के द्वारा बनाई गई हैं।
Geo_nios_5ch_0357	इन्हें दो वर्गों में बांटिए - एक निक्षेपण द्वारा बनी स्थलाकृतियाँ तथा दूसरी अपरदन द्वारा बनी स्थलाकृतियाँ।
Geo_nios_5ch_0358	महाखड्ड, 'V'आकृति की घाटी, विसर्प, बाढ़कृत मैदान, जलप्रपात, जलोढ़ पंखे और केनयन।
Geo_nios_5ch_0359	निम्नलिखित के निर्माण की प्रक्रिया को उपयुक्त आरेख के द्वारा समझाइये ।
Geo_nios_5ch_0360	तल संतुलन के कारक के रूप में नदी मार्ग के तीनों भागों के कार्यों की सही ढंग से व्याख्या कीजिए।
Geo_nios_5ch_0361	निम्नलिखित प्रश्नों के उत्तर संक्षेप में दीजिए ।
Geo_nios_5ch_0362	भूमिगत जल का अर्थ स्पष्ट कीजिए।
Geo_nios_5ch_0363	चूने की शैलों के प्रदेशों में नदियाँ अचानक कैसे विलुप्त हो जाती है?
Geo_nios_5ch_0364	घोलरंधों और विलय रंध्रों वाले क्षेत्र में सड़कें और रेलमार्ग बनाना क्यों कठिन है।
Geo_nios_5ch_0365	‘कार्स्ट स्थलाकृति’ का क्या अर्थ है।
Geo_nios_5ch_0366	कार्स्ट स्थलाकृति की किन्हीं पाँच स्थलाकृतियों के नाम बताइये तथा इनमें से दो की उपयुक्त आरेखों की मदद से व्याख्या कीजिए।
Geo_nios_5ch_0367	ढाल में कमी, जल के वेग में कमी  जल की मात्रा में कमी।
Geo_nios_5ch_0368	गिरिपद में भार के निक्षेपण के द्वारा ।
Geo_nios_5ch_0369	‘आरटाइज प्रदेश’  मणिकर्ण संयुक्त राज्य अमेरिका  अभिनतिक या झुकी हुई।
Geo_nios_5ch_0370	कुटुम्बसर  क्रोशिया आइसलैंड संयुक्त राज्य अमेरिका का यलोस्टोन नेशनल पार्क  न्यूजीलैंड  घोलरंध्र और  विलय रंध्र।
Geo_nios_5ch_0371	नदी चार प्रकार से अपने भार का परिवहन करती है ।
Geo_nios_5ch_0372	ढाल, वेग, नदी तल की संरचना वेग, जल की मात्रा, शैल पदार्थों का आकार, ढ़ाल
Geo_nios_5ch_0373	नदी अपरदन का कार्य अपघर्षण, क्षय या विलयन, जल की भौतिक शक्ति और  संनिघर्षण के द्वारा पूरा होता है।
Geo_nios_5ch_0374	ज्वारनद मुख (एस्चुअरी) - नदी का कीप की आकृति जैसा मुहाना, जिसमें ज्वार भाटा आता है, जहाँ ताजा और समुद्र जल आपस में मिलते हैं।
Geo_nios_5ch_0375	इनका निर्माण तटीय निम्न क्षेत्रों में समुद्री जल में डूब जाने के कारण होता है।
Geo_nios_5ch_0376	समुद्री जल का तल किन्हीं कारणों से थोड़ा ऊँचा हो जाता है।
Geo_nios_5ch_0377	नदी के मुहाने पर लगभग त्रिभुज जैसी आकृति वाली भूमि, जो नदी द्वारा लाए गए अवसादों के जमाव से बनती है।
Geo_nios_5ch_0378	इसमें से होकर अनेक उपनदियाँ बहती हैं।
Geo_nios_5ch_0379	नदी द्वारा लाए गए अवसादों के निक्षेपण से नदी के दोनों ओर बना मैदान।
Geo_nios_5ch_0380	यह बाढ़ आने पर जलमग्न हो जाता है।
Geo_nios_5ch_0381	गुंफित नदी - जब नदी कई धाराओं में बंटकर बहने लगती हैं, जिससे उनके बीच में अनेक टापू बन जाते हैं, नदी के इस रूप को गुंफित नदी कहते हैं।
Geo_nios_5ch_0382	अपरदन कार्य - महाखड्ड, 'V' आकृति की घाटी, विसर्प, कैनयन, जलप्रपात।
Geo_nios_5ch_0383	निक्षेपण कार्य - विसर्प, बाढ़कृत मैदान, जलोढ़ पंख।
Geo_nios_5ch_0384	गोखुर झील - नदी के मध्य मार्ग में बिसर्प बन जाते हैं।
Geo_nios_5ch_0385	समय बीतने पर दो मोड़ों के बीच की भूमि की पट्टी धीरे-धीरे संकरी होती जाती है और एक समय ऐसा आता है, जब नदी इस संकरी पट्टी को काट कर सीधी बहने लगती है।
Geo_nios_5ch_0386	इस प्रकार विसर्प का नदी की मुख्य धारा से संबंध टूट जाता है और विसर्प एक गोखुर झील में बदल जाता है।
Geo_nios_5ch_0387	डेल्टा - नदी मुहाने पर त्रिभुज जैसी आकृति वाली भूमि जो, नदियों द्वारा लाए गए अवसादों के ‘निक्षेपण’ से बनती है।
Geo_nios_5ch_0388	इसमें होकर अनेक वितरिका नदियाँ बहती हैं।
Geo_nios_5ch_0389	तल संतुलन के कारकों में नदी सबसे अधिक महत्वपूर्ण है।
Geo_nios_5ch_0390	नदी मार्ग के तीन भाग हैं।
Geo_nios_5ch_0391	यह अपने मार्ग के तीनों ही भागों में तल संतुलन का कार्य करती रहती है।
Geo_nios_5ch_0392	ऊपरी मार्ग - महाखड्ड, जलप्रपात, और केनयन का निर्माण।
Geo_nios_5ch_0393	मध्य मार्ग - विसर्प और जलोढ़ पंखों का निर्माण।
Geo_nios_5ch_0394	निचला मार्ग - विसर्प, बाढकृत मैदान, गुंफित नदी, गोखुर झील, डेल्टा, और ज्वार नद मुख का निर्माण।
Geo_nios_5ch_0395	भूमिगत जल - वर्षा के जल का वह भाग जो भूमि के अंदर रिसकर एकत्र हो जाता है, भूमिगत जल कहलाता है।
Geo_nios_5ch_0396	चूने की शैलों से बने प्रदेशों में अनेक घोलरंध्र और विलय रंध्र पाए जाते हैं।
Geo_nios_5ch_0397	नदियाँ इन रंध्रों में प्रवेश कर जाती हैं और सतही प्रवाह भूमिगत हो जाता है।
Geo_nios_5ch_0398	इस प्रकार चूने की शैलों से बने प्रदेशों में नदियाँ भूमिगत हो जाती हैं।
Geo_nios_5ch_0399	जिन प्रदेशों में घोलरंध्र तथा विलयरंध्र अधिक संख्या में पाए जाते हैं, वहाँ सड़कें तथा रेलवे मार्ग बनाना कठिन होता है, क्योंकि ऐसे प्रदेशों में भूमि की सतह नीचे को धंस जाती है।
Geo_nios_5ch_0400	स्थायी भूमिगत जल स्तरः यह धरातल के नीचे जल का वह तल है, जिससे नीचे भूमिगत जल स्तर कभी नहीं जाता।
Geo_nios_5ch_0401	यह भूमिगत जलस्तर ऋतु परिवर्तन से भी अप्रभावित रहता है।
Geo_nios_5ch_0402	इस गहराई तक खोदे गए कुएँ कभी नहीं सूखते।
Geo_nios_5ch_0403	अस्थायी भूमिगत जलस्तर: कुछ प्रदेशों में भूमिगत जल स्तर स्थायी नहीं होता है तथा यह ऋतुओं के अनुसार बदलता रहता है।
Geo_nios_5ch_0404	ऋतुओं के अनुसार बदलने वाले भूमिगत जल स्तर को अस्थायी भूमिगत जल स्तर कहते हैं।
Geo_nios_5ch_0405	इस गइराई तक खोदे गए कुएँ शुष्क ऋतु में सूख जाते हैं।
Geo_nios_5ch_0406	घोलरंध्र: चूने की शैलों के प्रदेश में ये कीप की आकृति के गर्त होते हैं।
Geo_nios_5ch_0407	इनकी गहराई तीन से नौ मीटर तक होती है तथा गर्त के मुँह का व्यास एक मीटर से अधिक होता है।(देखिए चित्र 5.5)
Geo_nios_5ch_0408	जिस प्रदेश में घोल रंध्र अधिक संख्या में होते हैं, वहाँ सड़कें और रेलमार्ग बनाना कठिन होता है।
Geo_nios_5ch_0409	विलय रंध्र: ये रंध्र बेलानाकृति नलिकाओं के रूप में होते हैं, जो कुछ गहराई पर घोल रंध्रों के निचले भाग से जुड़े होते हैं।
Geo_nios_5ch_0410	चूने की शैलों के प्रदेश में नदियाँ विलय रंध्रों के द्वारा भूमिगत हो जाती है।
Geo_nios_5ch_0411	विस्तार के लिए देखिए अनुच्छेद 5.7 तथा चित्र 5.13 पारगम्य शैल वह शैल जिसमें जल प्रवेश कर जाता है।
Geo_nios_5ch_0412	अपारगम्य शैल वह शैल जिसमें जल प्रवेश नहीं कर पाता है।
Geo_nios_5ch_0413	गर्म जल स्रोत: जिन स्रोतों से गर्म जल निकलता है, उन्हें गर्म जल स्रोत कहते हैं।
Geo_nios_5ch_0414	ये स्रोत ज्वालामुखी क्षेत्रों में पाए जाते हैं, जहाँ ज्वालामुखी अब सक्रिय हैं या विगत वर्षों में सक्रिय रहे हों।
Geo_nios_5ch_0415	इन क्षेत्रों में भूमिगत जल गर्म शैलों अथवा भाप के संपर्क में आने पर गर्म हो जाता है।
Geo_nios_5ch_0416	गीजर: गीजर उन गर्म जल स्रोतों को कहते हैं, जिनमें गर्म जल और भाप लगभग निश्चित अन्तराल पर फव्वारे की तरह फूटता है।